-- phpMyAdmin SQL Dump
-- version 5.1.1
-- https://www.phpmyadmin.net/
--
-- Host: 127.0.0.1
-- Generation Time: Feb 22, 2022 at 10:39 PM
-- Server version: 10.4.21-MariaDB
-- PHP Version: 8.0.12

SET SQL_MODE = "NO_AUTO_VALUE_ON_ZERO";
START TRANSACTION;
SET time_zone = "+00:00";


/*!40101 SET @OLD_CHARACTER_SET_CLIENT=@@CHARACTER_SET_CLIENT */;
/*!40101 SET @OLD_CHARACTER_SET_RESULTS=@@CHARACTER_SET_RESULTS */;
/*!40101 SET @OLD_COLLATION_CONNECTION=@@COLLATION_CONNECTION */;
/*!40101 SET NAMES utf8mb4 */;

--
-- Database: `bdvolunteers`
--

-- --------------------------------------------------------

--
-- Table structure for table `catmensajes`
--

CREATE TABLE `catmensajes` (
  `id` int(11) NOT NULL,
  `nombres` text NOT NULL,
  `apellidos` text NOT NULL,
  `telefono` text NOT NULL,
  `email` text NOT NULL,
  `tipoVoluntario` text NOT NULL,
  `nombreLiderGrupo` text NOT NULL,
  `comentario` text NOT NULL
) ENGINE=InnoDB DEFAULT CHARSET=utf8mb4;

-- --------------------------------------------------------

--
-- Table structure for table `catroles`
--

CREATE TABLE `catroles` (
  `rolid` int(11) NOT NULL,
  `catRolesDescripcion` text COLLATE utf8_spanish_ci NOT NULL
) ENGINE=InnoDB DEFAULT CHARSET=utf8 COLLATE=utf8_spanish_ci;

--
-- Dumping data for table `catroles`
--

INSERT INTO `catroles` (`rolid`, `catRolesDescripcion`) VALUES
(1, 'Administrador'),
(2, 'Invitado'),
(3, 'Desactivado');

-- --------------------------------------------------------

--
-- Table structure for table `estado`
--

CREATE TABLE `estado` (
  `id` int(11) NOT NULL,
  `descripcion` text NOT NULL
) ENGINE=InnoDB DEFAULT CHARSET=utf8mb4 COMMENT='estado de la seccionCampaign';

--
-- Dumping data for table `estado`
--

INSERT INTO `estado` (`id`, `descripcion`) VALUES
(1, 'Activo'),
(2, 'Desactivado');

-- --------------------------------------------------------

--
-- Table structure for table `usuarios`
--

CREATE TABLE `usuarios` (
  `id` int(11) NOT NULL,
  `usuario` text COLLATE utf8_spanish_ci NOT NULL,
  `clave` text COLLATE utf8_spanish_ci NOT NULL,
  `foto` text COLLATE utf8_spanish_ci NOT NULL,
  `rolid` int(11) NOT NULL
) ENGINE=InnoDB DEFAULT CHARSET=utf8 COLLATE=utf8_spanish_ci COMMENT='estructura de tabla de usuario';

--
-- Dumping data for table `usuarios`
--

INSERT INTO `usuarios` (`id`, `usuario`, `clave`, `foto`, `rolid`) VALUES
(1, 'admin', 'tesoros', '', 1),
(2, 'guest', 'tesoros', '', 2),
(3, 'MAdams', '123456', 'vista/img/usuario/U33.png', 3),
(4, 'Michelle', 'tesoros', 'vista/img/usuario/U525.jpg', 1),
(5, 'Vantol', 'Tesoros', 'vista/img/usuario/U170.jpg', 2),
(6, 'AIppel', 'Tesoros', 'vista/img/usuario/U367.png', 2),
(7, 'BVillalobos', 'Tesoros', '', 2),
(8, 'ESanchez', 'Tesoros', '', 2),
(9, 'Alexandra', 'Tesoros', '', 2),
(10, 'pamador', 'tesoros', '', 1),
(11, 'Wendy', 'tesoros', '', 2),
(12, 'Ajarquin', 'Tesoros123', '', 2),
(13, 'Mrosales', 'Tesoros456', '', 2),
(14, 'JennyA', 'Tesoros123', '', 2),
(15, 'MilenaS', 'Tesoros123', '', 2),
(16, 'AZuniga', 'AZuniga', '', 2),
(17, 'Thamara', '2808', '', 2),
(18, 'Eydy', 'tesoros2021', '', 2),
(19, 'Camryn', 'trustnGod3!+', '', 2),
(20, 'Alexandra', 'tesoros2021', '', 2),
(21, 'phernandez', 'tesoros', '', 2),
(22, 'IvaniaAndrade', 'tesoros123', '', 2),
(23, 'AMSuarez', 'tesoros123', '', 2),
(24, 'Lordian', 'tesoros123', '', 2);

--
-- Indexes for dumped tables
--

--
-- Indexes for table `catmensajes`
--
ALTER TABLE `catmensajes`
  ADD PRIMARY KEY (`id`);

--
-- Indexes for table `catroles`
--
ALTER TABLE `catroles`
  ADD PRIMARY KEY (`rolid`);

--
-- Indexes for table `estado`
--
ALTER TABLE `estado`
  ADD PRIMARY KEY (`id`);

--
-- Indexes for table `usuarios`
--
ALTER TABLE `usuarios`
  ADD PRIMARY KEY (`id`),
  ADD KEY `rolid` (`rolid`);

--
-- AUTO_INCREMENT for dumped tables
--

--
-- AUTO_INCREMENT for table `catmensajes`
--
ALTER TABLE `catmensajes`
  MODIFY `id` int(11) NOT NULL AUTO_INCREMENT;

--
-- AUTO_INCREMENT for table `catroles`
--
ALTER TABLE `catroles`
  MODIFY `rolid` int(11) NOT NULL AUTO_INCREMENT, AUTO_INCREMENT=4;

--
-- AUTO_INCREMENT for table `estado`
--
ALTER TABLE `estado`
  MODIFY `id` int(11) NOT NULL AUTO_INCREMENT, AUTO_INCREMENT=3;

--
-- AUTO_INCREMENT for table `usuarios`
--
ALTER TABLE `usuarios`
  MODIFY `id` int(11) NOT NULL AUTO_INCREMENT, AUTO_INCREMENT=25;

--
-- Constraints for dumped tables
--

--
-- Constraints for table `usuarios`
--
ALTER TABLE `usuarios`
  ADD CONSTRAINT `usuarios_ibfk_1` FOREIGN KEY (`rolid`) REFERENCES `catroles` (`rolid`) ON DELETE CASCADE ON UPDATE CASCADE;
COMMIT;

/*!40101 SET CHARACTER_SET_CLIENT=@OLD_CHARACTER_SET_CLIENT */;
/*!40101 SET CHARACTER_SET_RESULTS=@OLD_CHARACTER_SET_RESULTS */;
/*!40101 SET COLLATION_CONNECTION=@OLD_COLLATION_CONNECTION */;
